Predictor variable,Categorical,Sample average
bio12,false,617.8461538461538
bio14,false,15.76923076923077
bio18,false,211.69230769230768
bio2,false,153.6153846153846
bio4,false,829.0
bio6,false,85.15384615384616
